source,shotID,proj_mat,proj_density,proj_diam,angle,velocity,MLI_type,MLI_AD,MLI_standoff,bumper_mat,bumper_thick,bumper_density,stuffing_string,stuffing_AD,standoff,wall_mat,wall_thick,wall_density,wall_yield,result,perforated_class
-,-,,g/cm3,cm,deg,km/s,-,g/cm2,cm,-,cm,g/cm3,-,g/cm2,cm,-,cm,g/cm3,ksi,,
Kalinski_2004,,SS_440C,7.8,0.9,0,6.9,,,,AA6061-T6,0.2032,2.7,6x Nextel AF62 and 6x Kevlar 710,0.804,5.36,AA2219-T87,0.4826,2.84,57,P,1
Kalinski_2004,,SS_440C,7.8,0.9,0,7,,,,AA6061-T6,0.2032,2.7,6x Nextel AF62 and 6x Kevlar 710,0.804,5.36,AA2219-T87,0.4826,2.84,57,P,1
Kalinski_2004,,SS_440C,7.8,0.833,0,7.04,,,,AA6061-T6,0.2032,2.7,6x Nextel AF62 and 6x Kevlar 710,0.804,5.36,AA2219-T87,0.4826,2.84,57,P,1
Kalinski_2004,,SS_440C,7.8,0.833,0,7.03,,,,AA6061-T6,0.2032,2.7,6x Nextel AF62 and 6x Kevlar 710,0.804,5.36,AA2219-T87,0.4826,2.84,57,P,1
Kalinski_2004,,SS_440C,7.8,0.873,0,6.47,,,,AA6061-T6,0.2032,2.7,6x Nextel AF62 and 6x Kevlar 710,0.804,5.36,AA2219-T87,0.4826,2.84,57,NP,0
Kalinski_2004,,SS_440C,7.8,0.9,45,6.84,,,,AA6061-T6,0.2032,2.7,6x Nextel AF62 and 6x Kevlar 710,0.804,5.36,AA2219-T87,0.4826,2.84,57,P,1
Kalinski_2004,,SS_440C,7.8,0.79,45,6.93,,,,AA6061-T6,0.2032,2.7,6x Nextel AF62 and 6x Kevlar 710,0.804,5.36,AA2219-T87,0.4826,2.84,57,NP,0
Kalinski_2004,,SS_440C,7.8,0.79,45,4.55,,,,AA6061-T6,0.2032,2.7,6x Nextel AF62 and 6x Kevlar 710,0.804,5.36,AA2219-T87,0.4826,2.84,57,P,1
Kalinski_2004,,SS_440C,7.8,0.873,45,5.75,,,,AA6061-T6,0.2032,2.7,6x Nextel AF62 and 6x Kevlar 710,0.804,5.36,AA2219-T87,0.4826,2.84,57,NP,0
Kalinski_2004,,AL2O3,3.9,0.95,0,6.51,,,,AA6061-T6,0.2032,2.7,6x Nextel AF62 and 6x Kevlar 710,0.804,5.36,AA2219-T87,0.4826,2.84,57,NP,0
Kalinski_2004,,AL2O3,3.9,0.95,0,5.51,,,,AA6061-T6,0.2032,2.7,6x Nextel AF62 and 6x Kevlar 710,0.804,5.36,AA2219-T87,0.4826,2.84,57,NP,0
Kalinski_2004,,AL2O3,3.9,1.032,0,6.94,,,,AA6061-T6,0.2032,2.7,6x Nextel AF62 and 6x Kevlar 710,0.804,5.36,AA2219-T87,0.4826,2.84,57,P,1
Kalinski_2004,,AL2O3,3.9,0.95,45,6.77,,,,AA6061-T6,0.2032,2.7,6x Nextel AF62 and 6x Kevlar 710,0.804,5.36,AA2219-T87,0.4826,2.84,57,NP,0
Kalinski_2004,,AL2O3,3.9,0.95,45,6.84,,,,AA6061-T6,0.2032,2.7,6x Nextel AF62 and 6x Kevlar 710,0.804,5.36,AA2219-T87,0.4826,2.84,57,NP,0
Kalinski_2004,,AL2O3,3.9,0.95,45,4.5,,,,AA6061-T6,0.2032,2.7,6x Nextel AF62 and 6x Kevlar 710,0.804,5.36,AA2219-T87,0.4826,2.84,57,NP,0
Kalinski_2004,,AL2O3,3.9,0.95,45,6.19,,,,AA6061-T6,0.2032,2.7,6x Nextel AF62 and 6x Kevlar 710,0.804,5.36,AA2219-T87,0.4826,2.84,57,NP,0
Kalinski_2004,,AL2O3,3.9,1,45,7.07,,,,AA6061-T6,0.2032,2.7,6x Nextel AF62 and 6x Kevlar 710,0.804,5.36,AA2219-T87,0.4826,2.84,57,NP,0
Kalinski_2004,,AL2O3,3.9,1.11,45,6.88,,,,AA6061-T6,0.2032,2.7,6x Nextel AF62 and 6x Kevlar 710,0.804,5.36,AA2219-T87,0.4826,2.84,57,NP,0
Kalinski_2004,,AL2O3,3.9,1.191,45,4.48,,,,AA6061-T6,0.2032,2.7,6x Nextel AF62 and 6x Kevlar 710,0.804,5.36,AA2219-T87,0.4826,2.84,57,P,1
Christiansen_IJIE_1995,B229,AA2017-T4,2.8,0.95,0,6.71,,,5.207,AA6061-T6,0.127,2.7,Al mesh with 3x Nextel AF62 and 4x Kevlar 710,0.162,11.4,AA2219-T87,0.32,2.84,57,NP,0
Christiansen_IJIE_1995,B290,AA2017-T4,2.8,0.95,0,7.24,standard,0.35,5.207,AA6061-T6,0.127,2.7,Al mesh with 3x Nextel AF62 and 4x Kevlar 710,0.162,11.4,AA2219-T87,0.32,2.84,57,NP,0
Christiansen_IJIE_1995,B264,AA2017-T4,2.8,0.95,45,6.9,,,5.207,AA6061-T6,0.127,2.7,Al mesh with 3x Nextel AF62 and 4x Kevlar 710,0.162,11.4,AA2219-T87,0.32,2.84,57,NP,0
Christiansen_IJIE_1995,B291,AA2017-T4,2.8,0.95,45,6.69,standard,0.35,5.207,AA6061-T6,0.127,2.7,Al mesh with 3x Nextel AF62 and 4x Kevlar 710,0.162,11.4,AA2219-T87,0.32,2.84,57,NP,0
Christiansen_IJIE_1995,B433,AA2017-T4,2.8,0.95,45,6.75,None,,4.671,AA6061-T6,0.127,2.7,Al mesh with 3x Nextel AF62 and 8x graphite-epoxy,0.284,11.4,AA2219-T87,0.32,2.84,57,NP,0
Christiansen_IJIE_1995,1451,AA2017-T4,2.8,1.27,45,5.73,standard,0.35,4.9695,AA6061-T6,0.127,2.7,Al mesh with 6x Nextel AF62 and 6x Kevlar 710,0.162,11.4,AA2219-T87,0.32,2.84,57,P,1
Christiansen_IJIE_1995,B297,AA2017-T4,2.8,0.95,0,6.52,standard,0.26,3.9685,AA6061-T6,0.1,2.7,Al mesh with 5x Nextel AF62 and 4x Kevlar 710,0.162,9.1,AA2219-T87,0.25,2.84,57,NP,0
Christiansen_IJIE_1995,B654,AA2017-T4,2.8,1,0,6.84,standard,0.35,4.858,AA6061-T6,0.19,2.7,6x Nextel AF62 and 6x Kevlar 710,0.132,11.4,AA2219-T87,0.48,2.84,57,NP,0
Christiansen_IJIE_1995,B552,AA2017-T4,2.8,0.91,45,6.73,toughened (betacloth),0.5,3.2385,AA6061-T6,0.127,2.7,4x Nextel AF62 and 4x Kevlar 710,0.132,7.6,AA2219-T87,0.32,2.84,57,NP,0
Christiansen_IJIE_1995,B568,AA2017-T4,2.8,0.91,45,6.8,standard,0.25,2.8385,AA6061-T6,0.127,2.7,4x Nextel AF62 and 4x Kevlar 710 and 5x graphite-epoxy,0.232,7.6,AA2219-T87,0.32,2.84,57,NP,0
Christiansen_IJIE_1995,B570,AA2017-T4,2.8,0.95,45,6.62,standard,0.25,2.8385,AA6061-T6,0.127,2.7,4x Nextel AF62 and 4x Kevlar 710 and 5x graphite-epoxy,0.232,7.6,AA2219-T87,0.32,2.84,57,NP,0
Christiansen_IJIE_1995,B575,AA2017-T4,2.8,0.95,45,6.77,standard,0.25,2.8385,AA6061-T6,0.127,2.7,4x Nextel AF62 and 4x Kevlar 710 and 5x graphite-epoxy,0.232,7.6,AA2219-T87,0.32,2.84,57,NP,0
Christiansen_IJIE_1995,1458,AA2017-T4,2.8,1.27,45,5.81,standard,0.35,4.9985,AA6061-T6,0.16,2.7,3x Nextel AF62 and 11x Kevlar 710,0.132,11.4,AA2219-T87,0.48,2.84,57,P,1
Christiansen_IJIE_1995,1467,AA2017-T4,2.8,0.95,45,6.7,standard,0.26,3.341,AA6061-T6,0.1,2.7,2x Nextel AF62 and 7x Kevlar 710,0.132,7.6,AA2219-T87,0.32,2.84,57,P,1
Christiansen_IJIE_1995,B306,AA2017-T4,2.8,0.95,45,6.89,standard,0.26,3.341,AA6061-T6,0.1,2.7,2x Nextel AF62 and 7x Kevlar 710,0.132,7.6,AA2219-T87,0.32,2.84,57,P,1
Christiansen_IJIE_1995,B303,AA2017-T4,2.8,0.95,45,6.21,standard,0.26,3.587,AA6061-T6,0.1,2.7,Al mesh with 8x Nextel AF62,0.13,8.6,AA2024-T3,0.23,2.78,57,NP,0
Christiansen_IJIE_1995,B313,AA2017-T4,2.8,0.87,45,6.97,standard,0.21,3.1805,AA6061-T6,0.08,2.7,Al mesh with 6x Nextel AF62 and 4x Nextel AF40,0.128,7.6,AA2024-T3,0.2,2.78,57,P,1
Christiansen_IJIE_1995,1454,AA2017-T4,2.8,1.27,45,5.86,standard,0.35,4.873,AA6061-T6,0.16,2.7,Al mesh with 6x Nextel AF62 and 6x Kevlar 710,0.162,11.4,AA2219-T87,0.48,2.84,57,NP,0
Christiansen_IJIE_1995,1470,AA2017-T4,2.8,1.27,45,4.86,standard,0.35,4.873,AA6061-T6,0.16,2.7,Al mesh with 6x Nextel AF62 and 6x Kevlar 710,0.162,11.4,AA2219-T87,0.48,2.84,57,NP,0
Christiansen_IJIE_1995,1455,AA2017-T4,2.8,1.27,0,5.82,standard,0.35,4.873,AA6061-T6,0.16,2.7,Al mesh with 6x Nextel AF62 and 6x Kevlar 710,0.162,11.4,AA2219-T87,0.48,2.84,57,P,1
Christiansen_IJIE_1995,B398,AA2017-T4,2.8,1,45,6.7,,,4.873,AA6061-T6,0.16,2.7,Al mesh with 6x Nextel AF62 and 6x Kevlar 710,0.162,11.4,AA2219-T87,0.48,2.84,57,NP,0
Christiansen_IJIE_1995,B536,AA2017-T4,2.8,1,15,6.85,,,4.873,AA6061-T6,0.16,2.7,6x Nextel AF62 and 6x Kevlar 710,0.132,11.4,AA2024-T3,0.48,2.78,57,NP,0
Christiansen_IJIE_1995,B537,AA2017-T4,2.8,1,15,4.86,,,4.873,AA6061-T6,0.16,2.7,6x Nextel AF62 and 6x Kevlar 710,0.132,11.4,AA2024-T3,0.48,2.78,57,NP,0
Christiansen_IJIE_1995,B538,AA2017-T4,2.8,1,15,4,,,4.873,AA6061-T6,0.16,2.7,6x Nextel AF62 and 6x Kevlar 710,0.132,11.4,AA2024-T3,0.48,2.78,57,NP,0
Christiansen_IJIE_1995,B305,AA2017-T4,2.8,0.95,45,6.7,standard,0.26,3.252,AA6061-T6,0.1,2.7,Al mesh with 4x Nextel AF62 and 4x Kevlar 710,0.162,7.6,AA2219-T87,0.32,2.84,57,NP,0
Christiansen_IJIE_1995,B505,AA2017-T4,2.8,0.95,60,6.78,,,3.252,AA6061-T6,0.1,2.7,4x Nextel AF62 and 4x Kevlar 710,0.132,7.6,AA2219-T87,0.32,2.84,57,NP,0
Christiansen_IJIE_1995,B549,AA2017-T4,2.8,1,60,6.6,,,3.252,AA6061-T6,0.1,2.7,4x Nextel AF62 and 4x Kevlar 710,0.132,7.6,AA2219-T87,0.32,2.84,57,NP,0
Christiansen_IJIE_1995,1466,AA2017-T4,2.8,0.8,45,7.06,standard,0.19,2.4315,AA6061-T6,0.08,2.7,Al mesh with 4x Nextel AF62 and 4x Kevlar 710,0.132,5.7,AA2219-T87,0.25,2.84,57,P,1
Christiansen_IJIE_1995,B316,AA2017-T4,2.8,0.95,75,4.88,,,1.626,AA6061-T6,0.05,2.7,Al mesh with 4x Nextel AF62 and 4x Kevlar 710,0.132,3.8,Al 2024-T3,0.16,2.78,57,NP,0
Christiansen_IJIE_1995,1456,AA2017-T4,2.8,1.27,45,5.78,standard,0.35,4.964,AA6061-T6,0.16,2.7,26x Kevlar 710,0.032,11.4,AA2219-T87,0.48,2.84,57,P,1
Destefanis_IJIE_1997,8148,AA2017-T4,2.78,1.05,0,7,,,,AA6061-T6,0.25,2.7,1.2 cm Kevlar/Epoxy,1.47,14.35,AA2219-T851,0.32,2.84,57,NP,0
Destefanis_IJIE_1997,8149,AA2017-T4,2.78,1.15,0,7,,,,AA6061-T6,0.25,2.7,1.2 cm Kevlar/Epoxy,1.47,14.35,AA2219-T851,0.32,2.84,57,NP,0
Destefanis_IJIE_1997,8150,AA2017-T4,2.78,1.25,0,6.9,,,,AA6061-T6,0.25,2.7,1.2 cm Kevlar/Epoxy,1.47,14.35,AA2219-T851,0.32,2.84,57,NP,0
Destefanis_IJIE_1997,8154,AA2017-T4,2.78,0.7,0,2.9,,,,AA6061-T6,0.25,2.7,1.2 cm Kevlar/Epoxy,1.47,14.35,AA2219-T851,0.32,2.84,57,NP,0
Destefanis_IJIE_1997,8155,AA2017-T4,2.78,1,0,3,,,,AA6061-T6,0.25,2.7,1.2 cm Kevlar/Epoxy,1.47,14.35,AA2219-T851,0.32,2.84,57,NP,0
Destefanis_IJIE_1997,8156,AA2017-T4,2.78,1.3,0,3.2,,,,AA6061-T6,0.25,2.7,1.2 cm Kevlar/Epoxy,1.47,14.35,AA2219-T851,0.32,2.84,57,NP,0
Destefanis_IJIE_1997,8157,AA2017-T4,2.78,1.3,0,5.8,,,,AA6061-T6,0.25,2.7,1.0 cm Kevlar/Epoxy,1.23,14.35,AA2219-T851,0.32,2.84,57,NP,0
Destefanis_IJIE_1997,8158,AA2017-T4,2.78,1.25,0,6.8,,,,AA6061-T6,0.25,2.7,1.0 cm Kevlar/Epoxy,1.23,14.35,AA2219-T851,0.32,2.84,57,NP,0
Destefanis_IJIE_1997,8161,AA2017-T4,2.78,1.25,0,3.1,,,,AA6061-T6,0.25,2.7,1.0 cm Kevlar/Epoxy,1.23,14.35,AA2219-T851,0.32,2.84,57,NP,0
Destefanis_IJIE_1997,8162,AA2017-T4,2.78,1.3,0,3.1,,,,AA6061-T6,0.25,2.7,1.0 cm Kevlar/Epoxy,1.23,14.35,AA2219-T851,0.32,2.84,57,NP,0
Destefanis_IJIE_1997,8207,AA2017-T4,2.78,1.45,30,6.1,,,,AA6061-T6,0.25,2.7,1.2 cm Kevlar/Epoxy,0.85,14.35,AA2219-T851,0.32,2.84,57,NP,0
Destefanis_IJIE_1997,8209,AA2017-T4,2.78,1.5,30,6.1,,,,AA6061-T6,0.25,2.7,1.2 cm Kevlar/Epoxy,0.1215,14.35,AA2219-T851,0.32,2.84,57,NP,0
Destefanis_IJIE_1997,8208,AA2017-T4,2.78,1.6,30,5.9,,,,AA6061-T6,0.25,2.7,1.2 cm Kevlar/Epoxy,0.1215,14.35,AA2219-T851,0.32,2.84,57,P,1
Destefanis_IJIE_1997,8330,AA2017-T4,2.78,1.5,30,4.98,,,,AA6061-T6,0.25,2.7,50x Kevlar 129,0.1215,14.35,AA2219-T851,0.32,2.84,57,NP,0
Destefanis_IJIE_1997,8331,AA2017-T4,2.78,1.6,30,6.04,,,,AA6061-T6,0.25,2.7,50x Kevlar 129,0.1215,14.35,AA2219-T851,0.32,2.84,57,NP,0
Destefanis_IJIE_1997,8337,AA2017-T4,2.78,1.45,0,6.45,,,,AA6061-T6,0.25,2.7,7x Nextel AF62 and 0.6 cm Kevlar/Epoxy,0.1215,14.35,AA2219-T851,0.32,2.84,57,NP,0
Destefanis_IJIE_1997,8332,AA2017-T4,2.78,1.5,30,5.96,,,,AA6061-T6,0.25,2.7,7x Nextel AF62 and 0.6 cm Kevlar/Epoxy,0.1215,14.35,AA2219-T851,0.32,2.84,57,NP,0
Destefanis_IJIE_1997,8333,AA2017-T4,2.78,1.6,30,6.1,,,,AA6061-T6,0.25,2.7,7x Nextel AF62 and 0.6 cm Kevlar/Epoxy,0.1215,14.35,AA2219-T851,0.32,2.84,57,P,1
Destefanis_IJIE_1997,8339,AA2017-T4,2.78,1.35,0,6.58,,,,AA6061-T6,0.25,2.7,3x Nextel AF62 and 0.6 cm Kevlar/Epoxy,0.1215,14.35,AA2219-T851,0.32,2.84,57,NP,0
Destefanis_IJIE_1997,8338,AA2017-T4,2.78,1.45,0,6.45,,,,AA6061-T6,0.25,2.7,7x Nextel AF62 and 25x Kevlar 129,0.1215,14.35,AA2219-T851,0.32,2.84,57,P,1
Destefanis_IJIE_1997,8335,AA2017-T4,2.78,1.5,30,6.16,,,,AA6061-T6,0.25,2.7,7x Nextel AF62 and 25x Kevlar 129,0.1215,14.35,AA2219-T851,0.32,2.84,57,NP,0
Destefanis_IJIE_1997,8334,AA2017-T4,2.78,1.6,30,6.03,,,,AA6061-T6,0.25,2.7,7x Nextel AF62 and 25x Kevlar 129,0.1215,14.35,AA2219-T851,0.32,2.84,57,P,1
Destefanis_IJIE_1997,8336,AA2017-T4,2.78,1.5,30,5.97,,,,AA6061-T6,0.25,2.7,14x Nextel AF62,0.1215,14.35,AA2219-T851,0.32,2.84,57,P,1
Schneider_IAC_2004,8613,AA2017-T4,2.81,0.135,0,3.09,,,,AA6061-T6,0.25,2.7,4x Nextel AF62 and 5.7 mm Kevlar/Epoxy,0.85,13.04,AA2219-T851,0.48,2.84,57,NP,0
Schneider_IAC_2004,8662,AA2017-T4,2.81,0.145,0,3.01,,,,AA6061-T6,0.25,2.7,4x Nextel AF62 and 5.7 mm Kevlar/Epoxy,0.85,13.04,AA2219-T851,0.48,2.84,57,NP,0
Schneider_IAC_2004,8614,AA2017-T4,2.81,0.15,0,3.01,,,,AA6061-T6,0.25,2.7,4x Nextel AF62 and 5.7 mm Kevlar/Epoxy,0.85,13.04,AA2219-T851,0.48,2.84,57,P,1
Schneider_IAC_2004,8663,AA2017-T4,2.81,0.15,0,2.98,standard,0.048,6.98,AA6061-T6,0.25,2.7,4x Nextel AF62 and 5.7 mm Kevlar/Epoxy,0.85,13.04,AA2219-T851,0.48,2.84,57,NP,0
Schneider_IAC_2004,8676,AA2017-T4,2.81,0.145,45,2.99,,,,AA6061-T6,0.25,2.7,4x Nextel AF62 and 5.7 mm Kevlar/Epoxy,0.85,13.04,AA2219-T851,0.48,2.84,57,NP,0
Schneider_IAC_2004,8675,AA2017-T4,2.81,0.15,45,3,,,,AA6061-T6,0.25,2.7,4x Nextel AF62 and 5.7 mm Kevlar/Epoxy,0.85,13.04,AA2219-T851,0.48,2.84,57,P,1
Schneider_IAC_2004,8619,AA2017-T4,2.81,0.14,0,4.97,,,,AA6061-T6,0.25,2.7,4x Nextel AF62 and 5.7 mm Kevlar/Epoxy,0.85,13.04,AA2219-T851,0.48,2.84,57,NP,0
Schneider_IAC_2004,8664,AA2017-T4,2.81,0.145,0,4.76,,,,AA6061-T6,0.25,2.7,4x Nextel AF62 and 5.7 mm Kevlar/Epoxy,0.85,13.04,AA2219-T851,0.48,2.84,57,NP,0
Schneider_IAC_2004,8661,AA2017-T4,2.81,0.145,0,4.73,,,,AA6061-T6,0.25,2.7,4x Nextel AF62 and 5.7 mm Kevlar/Epoxy,0.85,13.04,AA2219-T851,0.48,2.84,57,P,1
Schneider_IAC_2004,8618,AA2017-T4,2.81,0.15,0,4.93,,,,AA6061-T6,0.25,2.7,4x Nextel AF62 and 5.7 mm Kevlar/Epoxy,0.85,13.04,AA2219-T851,0.48,2.84,57,P,1
Schneider_IAC_2004,8666,AA2017-T4,2.81,0.15,0,4.87,standard,0.048,6.98,AA6061-T6,0.25,2.7,4x Nextel AF62 and 5.7 mm Kevlar/Epoxy,0.85,13.04,AA2219-T851,0.48,2.84,57,NP,0
Schneider_IAC_2004,8673,AA2017-T4,2.81,0.14,45,4.99,,,,AA6061-T6,0.25,2.7,4x Nextel AF62 and 5.7 mm Kevlar/Epoxy,0.85,13.04,AA2219-T851,0.48,2.84,57,NP,0
Schneider_IAC_2004,8674,AA2017-T4,2.81,0.145,45,4.88,,,,AA6061-T6,0.25,2.7,4x Nextel AF62 and 5.7 mm Kevlar/Epoxy,0.85,13.04,AA2219-T851,0.48,2.84,57,P,1
Schneider_IAC_2004,8672,AA2017-T4,2.81,0.15,45,4.95,,,,AA6061-T6,0.25,2.7,4x Nextel AF62 and 5.7 mm Kevlar/Epoxy,0.85,13.04,AA2219-T851,0.48,2.84,57,P,1
Schneider_IAC_2004,8603,AA2017-T4,2.81,0.145,0,6.5,,,,AA6061-T6,0.25,2.7,4x Nextel AF62 and 5.7 mm Kevlar/Epoxy,0.85,13.04,AA2219-T851,0.48,2.84,57,NP,0
Schneider_IAC_2004,8611,AA2017-T4,2.81,0.15,0,6.51,,,,AA6061-T6,0.25,2.7,4x Nextel AF62 and 5.7 mm Kevlar/Epoxy,0.85,13.04,AA2219-T851,0.48,2.84,57,P,1
Schneider_IAC_2004,8602,AA2017-T4,2.81,0.155,0,6.58,,,,AA6061-T6,0.25,2.7,4x Nextel AF62 and 5.7 mm Kevlar/Epoxy,0.85,13.04,AA2219-T851,0.48,2.84,57,P,1
Schneider_IAC_2004,8665,AA2017-T4,2.81,0.15,0,6.42,standard,0.048,6.98,AA6061-T6,0.25,2.7,4x Nextel AF62 and 5.7 mm Kevlar/Epoxy,0.85,13.04,AA2219-T851,0.48,2.84,57,NP,0
Schneider_IAC_2004,8606,AA2017-T4,2.81,0.15,30,6.49,,,,AA6061-T6,0.25,2.7,4x Nextel AF62 and 5.7 mm Kevlar/Epoxy,0.85,13.04,AA2219-T851,0.48,2.84,57,NP,0
Schneider_IAC_2004,8604,AA2017-T4,2.81,0.155,30,6.45,,,,AA6061-T6,0.25,2.7,4x Nextel AF62 and 5.7 mm Kevlar/Epoxy,0.85,13.04,AA2219-T851,0.48,2.84,57,P,1
Schneider_IAC_2004,8683,AA2017-T4,2.81,0.15,45,6.44,,,,AA6061-T6,0.25,2.7,4x Nextel AF62 and 5.7 mm Kevlar/Epoxy,0.85,13.04,AA2219-T851,0.48,2.84,57,P,1
Schneider_IAC_2004,8608,AA2017-T4,2.81,0.155,45,6.44,,,,AA6061-T6,0.25,2.7,4x Nextel AF62 and 5.7 mm Kevlar/Epoxy,0.85,13.04,AA2219-T851,0.48,2.84,57,P,1
Schneider_IAC_2004,8609,AA2017-T4,2.81,0.155,45,6.5,standard,0.048,6.98,AA6061-T6,0.25,2.7,4x Nextel AF62 and 5.7 mm Kevlar/Epoxy,0.85,13.04,AA2219-T851,0.48,2.84,57,NP,0
Schneider_IAC_2004,8679,AA2017-T4,2.81,0.155,60,6.36,,,,AA6061-T6,0.25,2.7,4x Nextel AF62 and 5.7 mm Kevlar/Epoxy,0.85,13.04,AA2219-T851,0.48,2.84,57,NP,0
Schneider_IAC_2004,10037,AA2017-T4,2.81,0.15,0,6.5,,,,g-TiAl,0.176,4,4x Nextel AF62 and 33x Kevlar KM2,0.1215,13.04,AA2219-T851,0.494,2.84,57,P,1
Schneider_IAC_2004,10154,AA2017-T4,2.81,0.145,0,6.21,,,,g-TiAl,0.176,4,3x Nextel AF62 and 45x Kevlar KM2,0.46,13.04,AA2219-T851,0.495,2.84,57,NP,0
Schneider_IAC_2004,10034,AA2017-T4,2.81,0.145,0,6.49,,,,AA6061-T6,0.26,2.7,4x Nextel AF62 and 3x Kevlar 1.9 (2.5D weave),0.46,13.04,AA2219-T851,0.489,2.84,57,NP,0
Schneider_IAC_2004,10035,AA2017-T4,2.81,0.15,0,6.41,,,,AA6061-T6,0.26,2.7,4x Nextel AF62 and 3x Kevlar 1.9 (2.5D weave),0.1215,13.04,AA2219-T851,0.489,2.84,57,P,1
Schneider_IAC_2004,10039,AA2017-T4,2.81,0.145,,6.51,,,,AA6061-T6,0.26,2.7,4x Nextel AF62 and 33x Kevlar KM2,0.1215,13.04,AA2219-T851,0.492,2.84,57,P,1
Schneider_IAC_2004,10036,AA2017-T4,2.81,0.15,0,6.4,,,,AA6061-T6,0.26,2.7,4x Nextel AF62 and 33x Kevlar KM2,0.1215,13.04,AA2219-T851,0.492,2.84,57,P,1
Schneider_IAC_2004,10041,AA2017-T4,2.81,0.145,0,6.53,,,,AA6061-T6,0.26,2.7,3x Nextel AF62 and 45x Kevlar KM2,0.1215,13.04,AA2219-T851,0.492,2.84,57,NP,0
Schneider_IAC_2004,10147,AA2017-T4,2.81,0.15,0,6.38,,,,AA6061-T6,0.26,2.7,3x Nextel AF62 and 45x Kevlar KM2,0.1215,13.04,AA2219-T851,0.492,2.84,57,P,1
Schneider_IAC_2004,10151,AA2017-T4,2.81,0.145,0,6.45,,,,AA6061-T6,0.26,2.7,3x Nextel AF62 and 45x Kevlar KM2,0.2174,13.04,AA2219-T851,0.492,2.84,57,NP,0
Schneider_IAC_2004,10038,AA2017-T4,2.81,0.15,45,6.54,,,,AA6061-T6,0.26,2.7,3x Nextel AF62 and 40 mm PU foam and 15x Kevlar KM2,0.1215,13.04,AA2219-T851,0.499,2.84,57,P,1
Destefanis_ECSD_2005,4425,AA2017-T4,2.78,0.23,0,3,toughened (betacloth),0.7,0,AA5083-H111,0.12,2.67,2x Nextel 312 AF-10 and 3x Kevlar KM2 SEAL364,0.1215,12.8,AA2219-T851,0.3,2.84,57,NP,0
Destefanis_ECSD_2005,4427,AA2017-T4,2.78,0.35,0,3.04,toughened (betacloth),0.7,0,AA5083-H111,0.12,2.67,2x Nextel 312 AF-10 and 3x Kevlar KM2 SEAL364,0.1215,12.8,AA2219-T851,0.3,2.84,57,NP,0
Destefanis_ECSD_2005,4428,AA2017-T4,2.78,0.45,0,3.08,toughened (betacloth),0.7,0,AA5083-H111,0.12,2.67,2x Nextel 312 AF-10 and 3x Kevlar KM2 SEAL364,0.1215,12.8,AA2219-T851,0.3,2.84,57,NP,0
Destefanis_ECSD_2005,4433,AA2017-T4,2.78,0.55,0,3,toughened (betacloth),0.7,0,AA5083-H111,0.12,2.67,2x Nextel 312 AF-10 and 3x Kevlar KM2 SEAL364,0.1215,12.8,AA2219-T851,0.3,2.84,57,NP,0
Destefanis_ECSD_2005,4434,AA2017-T4,2.78,0.55,0,2.87,toughened (betacloth),0.7,0,AA5083-H111,0.12,2.67,2x Nextel 312 AF-10 and 3x Kevlar KM2 SEAL364,0.1215,12.8,AA2219-T851,0.3,2.84,57,P,1
Destefanis_ECSD_2005,10141,AA2017-T4,2.78,0.75,0,6.15,toughened (betacloth),0.7,0,AA5083-H111,0.12,2.67,2x Nextel 312 AF-10 and 3x Kevlar KM2 SEAL364,0.1215,12.8,AA2219-T851,0.3,2.84,57,NP,0
Destefanis_ECSD_2005,10142,AA2017-T4,2.78,0.8,0,7.03,toughened (betacloth),0.7,0,AA5083-H111,0.12,2.67,2x Nextel 312 AF-10 and 3x Kevlar KM2 SEAL364,0.1215,12.8,AA2219-T851,0.3,2.84,57,NP,0
Destefanis_ECSD_2005,10155,AA2017-T4,2.78,0.8,0,6.4,toughened (betacloth),0.7,0,AA5083-H111,0.12,2.67,2x Nextel 312 AF-10 and 3x Kevlar KM2 SEAL364,0.1215,12.8,AA2219-T851,0.3,2.84,57,NP,0
Destefanis_ECSD_2005,10143,AA2017-T4,2.78,0.85,0,7.15,toughened (betacloth),0.7,0,AA5083-H111,0.12,2.67,2x Nextel 312 AF-10 and 3x Kevlar KM2 SEAL364,0.1215,12.8,AA2219-T851,0.3,2.84,57,NP,0
Destefanis_ECSD_2005,10144,AA2017-T4,2.78,0.75,0,6.96,toughened (betacloth),0.7,0,AA5083-H111,0.12,2.67,2x Nextel 312 AF-10 and 3x Kevlar KM2 SEAL364,0.1215,12.8,AA2219-T851,0.3,2.84,57,NP,0
Destefanis_ECSD_2005,10145,AA2017-T4,2.78,0.85,45,6.78,toughened (betacloth),0.7,0,AA5083-H111,0.12,2.67,2x Nextel 312 AF-10 and 3x Kevlar KM2 SEAL364,0.1215,12.8,AA2219-T851,0.3,2.84,57,P,1
Destefanis_ECSD_2005,10146,AA2017-T4,2.78,0.9,45,6.97,toughened (betacloth),0.7,0,AA5083-H111,0.12,2.67,2x Nextel 312 AF-10 and 3x Kevlar KM2 SEAL364,0.1215,12.8,AA2219-T851,0.3,2.84,57,NP,0
Jia_KEM_2012,1,AA2017-T4,2.78,0.64,0,2.19,,,,AA2017-T4,0.2,2.8,100mm AlSi12 open cell foam,0.27,15.2,AA5456-H112,0.2,2.66,24,P,1
Jia_KEM_2012,2,AA2017-T4,2.78,0.64,0,3.41,,,,AA2017-T4,0.2,2.8,100mm AlSi12 open cell foam,0.27,15.2,AA5456-H112,0.2,2.66,24,NP,0
Jia_KEM_2012,3,AA2017-T4,2.78,0.64,0,4.06,,,,AA2017-T4,0.2,2.8,100mm AlSi12 open cell foam,0.27,15.2,AA5456-H112,0.2,2.66,24,NP,0
Jia_ECSD_2009,ZH-02,AA2017-T4,2.78,0.4,65,2.05,,,,AA2017-T4,0.1,2.8,100mm AlSi12 open cell foam,0.27,10,AA5456-H112,0.2,2.66,24,P,1
Jia_ECSD_2009,ZH-14,AA2017-T4,2.78,0.4,0,2,,,,AA2017-T4,0.1,2.8,100mm AlSi12 open cell foam,0.27,10,AA5456-H112,0.2,2.66,24,P,1
Jia_ECSD_2009,ZH-18,AA2017-T4,2.78,0.4,0,1.04,,,,AA2017-T4,0.1,2.8,100mm AlSi12 open cell foam,0.27,10,AA5456-H112,0.2,2.66,24,P,1
Jia_ECSD_2009,ZH-01,AA2017-T4,2.78,0.4,0,4.08,,,,AA2017-T4,0.1,2.8,100mm AlSi12 open cell foam,0.27,10,AA5456-H112,0.2,2.66,24,NP,0
Jia_ECSD_2009,ZH-03,AA2017-T4,2.78,0.4,0,4.02,,,,AA2017-T4,0.1,2.8,100mm AlSi12 open cell foam,0.27,10,AA5456-H112,0.2,2.66,24,NP,0
Jia_ECSD_2009,ZH-04,AA2017-T4,2.78,0.4,0,4.04,,,,AA2017-T4,0.1,2.8,100mm AlSi12 open cell foam,0.27,10,AA5456-H112,0.2,2.66,24,NP,0
Jia_ECSD_2009,ZH2-11,AA2017-T4,2.78,0.4,0,2.03,,,,AA2017-T4,0.05,2.8,100mm AlSi12 open cell foam,0.41,10,AA5456-H112,0.2,2.66,24,P,1
Jia_ECSD_2009,ZH2-12,AA2017-T4,2.78,0.4,0,2.03,,,,AA2017-T4,0.05,2.8,100mm AlSi12 open cell foam,0.41,10,AA5456-H112,0.2,2.66,24,P,1
Jia_ECSD_2009,ZH2-10,AA2017-T4,2.78,0.4,0,2.16,,,,AA2017-T4,0.05,2.8,100mm AlSi12 open cell foam,0.41,10,AA5456-H112,0.2,2.66,24,P,1
Jia_ECSD_2009,ZH2-38,AA2017-T4,2.78,0.4,0,4.09,,,,AA2017-T4,0.05,2.8,100mm AlSi12 open cell foam,0.41,10,AA5456-H112,0.2,2.66,24,NP,0
Jia_ECSD_2009,ZH2-36,AA2017-T4,2.78,0.4,0,4.06,,,,AA2017-T4,0.05,2.8,100mm AlSi12 open cell foam,0.41,10,AA5456-H112,0.2,2.66,24,NP,0
Jia_ECSD_2009,ZH2-09,AA2017-T4,2.78,0.4,0,2.03,,,,AA2017-T4,0.05,2.8,100mm AlSi12 open cell foam,0.41,10,AA5456-H112,0.2,2.66,24,P,1
Jia_ECSD_2009,ZH2-08,AA2017-T4,2.78,0.4,0,2.01,,,,AA2017-T4,0.05,2.8,100mm AlSi12 open cell foam,0.41,10,AA5456-H112,0.2,2.66,24,P,1
Jia_ECSD_2009,ZH2-06,AA2017-T4,2.78,0.4,0,2.06,,,,AA2017-T4,0.05,2.8,100mm AlSi12 open cell foam,0.41,10,AA5456-H112,0.2,2.66,24,P,1
Jia_ECSD_2009,ZH2-40,AA2017-T4,2.78,0.4,0,4.08,,,,AA2017-T4,0.05,2.8,100mm AlSi12 open cell foam,0.41,10,AA5456-H112,0.2,2.66,24,NP,0
Jia_ECSD_2009,ZH2-39,AA2017-T4,2.78,0.4,0,3.98,,,,AA2017-T4,0.05,2.8,100mm AlSi12 open cell foam,0.41,10,AA5456-H112,0.2,2.66,24,NP,0
Jia_ECSD_2009,ZH2-38A,AA2017-T4,2.78,0.4,0,4.01,,,,AA2017-T4,0.05,2.8,100mm AlSi12 open cell foam,0.41,10,AA5456-H112,0.2,2.66,24,NP,0
Bohannon_2009,3,AA2017-T4,2.78,0.3175,0,6.98,,,,AA6061-T6,0.1,2.7,12x Kevlar 706 KM2,0.4,5.2,AA6061-T6,0.2,2.7,40,NP,0
Bohannon_2009,4,AA2017-T4,2.78,0.3175,0,2.7,,,,AA6061-T6,0.1,2.7,12x Kevlar 706 KM2,0.4,5.2,AA6061-T6,0.2,2.7,40,NP,0
Bohannon_2009,5,AA2017-T4,2.78,0.3175,0,7.03,,,,AA6061-T6,0.1,2.7,12x Kevlar 706 KM2 with shear-thickening fluid,0.4,5.2,AA6061-T6,0.2,2.7,40,NP,0
Bohannon_2009,6,AA2017-T4,2.78,0.3175,0,2.92,,,,AA6061-T6,0.1,2.7,12x Kevlar 706 KM2 with shear-thickening fluid,0.4,5.2,AA6061-T6,0.2,2.7,40,NP,0
Palmieri_IJIE_2003,4063,AA2017-T4,2.78,0.6,0,6.41,standard,0.3124,0,AA5083-H11,0.12,2.65,1x Nextel 312 AF62 and 1x Kevlar 129 style 812,0.131,13.18,AA2219-T851,0.3,2.84,51,NP,0
Palmieri_IJIE_2003,4070,AA2017-T4,2.78,0.65,0,6.41,standard,0.3124,0,AA5083-H11,0.12,2.65,1x Nextel 312 AF62 and 1x Kevlar 129 style 812,0.131,13.18,AA2219-T851,0.3,2.84,51,NP,0
Palmieri_IJIE_2003,4072,AA2017-T4,2.78,0.7,0,6.26,standard,0.3124,0,AA5083-H11,0.12,2.65,1x Nextel 312 AF62 and 1x Kevlar 129 style 812,0.131,13.18,AA2219-T851,0.3,2.84,51,NP,0
Palmieri_IJIE_2003,4073,AA2017-T4,2.78,0.75,0,6.41,standard,0.3124,0,AA5083-H11,0.12,2.65,1x Nextel 312 AF62 and 1x Kevlar 129 style 812,0.131,13.18,AA2219-T851,0.3,2.84,51,NP,0
Destefanis_IJIE_2006,8885,AA2017-T4,2.78,1.45,0,6.6,,,,AA6061-T6,0.25,2.7,4x Nextel 312 AF62 and 6 mm Kevlar/Epoxy,0.1215,13,AA2219-T851,0.48,2.84,51,NP,0
Destefanis_IJIE_2006,8892,AA2017-T4,2.78,1.75,45,6.21,,,,AA6061-T6,0.25,2.7,4x Nextel 312 AF62 and 6 mm Kevlar/Epoxy,0.1215,13,AA2219-T851,0.48,2.84,51,NP,0
Putzar_IJIE_2019,EMI-5807,AA99.9%,2.7,0.41,0,3.93,standard,0.041,6,AA3A21,0.074,2.67,1x betacloth and 3x basalt fabric and 3x aramid III,0.1723,8,AA5A06,0.0243,2.67,47,NP,0
Putzar_IJIE_2019,EMI-5808,AA99.9%,2.7,0.5,0,3.7,standard,0.041,6,AA3A21,0.074,2.67,1x betacloth and 3x basalt fabric and 3x aramid III,0.1723,8,AA5A06,0.0243,2.67,47,P,1
Putzar_IJIE_2019,EMI-5810,AA99.9%,2.7,0.66,0,6.35,standard,0.041,6,AA3A21,0.074,2.67,1x betacloth and 3x basalt fabric and 3x aramid III,0.1723,8,AA5A06,0.0243,2.67,47,P,1
Putzar_IJIE_2019,EMI-5811,AA99.9%,2.7,0.6,0,6,standard,0.041,6,AA3A21,0.074,2.67,1x betacloth and 3x basalt fabric and 3x aramid III,0.1723,8,AA5A06,0.0243,2.67,47,NP,0
Putzar_IJIE_2019,EMI-5816,AA99.9%,2.7,0.64,45,6.25,standard,0.041,6,AA3A21,0.074,2.67,1x betacloth and 3x basalt fabric and 3x aramid III,0.1723,8,AA5A06,0.0243,2.67,47,P,1
Putzar_IJIE_2019,EMI-5817,AA99.9%,2.7,0.6,45,6.38,standard,0.041,6,AA3A21,0.074,2.67,1x betacloth and 3x basalt fabric and 3x aramid III,0.1723,8,AA5A06,0.0243,2.67,47,P,1
Putzar_IJIE_2019,CAST SW2-1,Aluminium,2.79,0.425,0,3.03,standard,0.041,6,AA3A21,0.074,2.67,1x betacloth and 3x basalt fabric and 3x aramid III,0.1723,7.75,AA5A06,0.0243,2.67,47,P,1
Putzar_IJIE_2019,CAST SW2-2,Aluminium,2.79,0.375,0,3.156,standard,0.041,6,AA3A21,0.074,2.67,1x betacloth and 3x basalt fabric and 3x aramid III,0.1723,7.75,AA5A06,0.0243,2.67,47,NP,0
Putzar_IJIE_2019,CAST SW2-3,Aluminium,2.79,0.4,0,3.165,standard,0.041,6,AA3A21,0.074,2.67,1x betacloth and 3x basalt fabric and 3x aramid III,0.1723,7.75,AA5A06,0.0243,2.67,47,NP,0
Putzar_IJIE_2019,CAST SW2-4,Aluminium,2.79,0.3,30,3.132,standard,0.041,6,AA3A21,0.074,2.67,1x betacloth and 3x basalt fabric and 3x aramid III,0.1723,7.75,AA5A06,0.0243,2.67,47,NP,0
Putzar_IJIE_2019,CAST SW2-5,Aluminium,2.79,0.325,30,3.124,standard,0.041,6,AA3A21,0.074,2.67,1x betacloth and 3x basalt fabric and 3x aramid III,0.1723,7.75,AA5A06,0.0243,2.67,47,NP,0
Putzar_IJIE_2019,CAST SW2-6,Aluminium,2.79,0.35,30,2.89,standard,0.041,6,AA3A21,0.074,2.67,1x betacloth and 3x basalt fabric and 3x aramid III,0.1723,7.75,AA5A06,0.0243,2.67,47,P,1
Putzar_IJIE_2019,CAST SW2-7,Aluminium,2.79,0.6,0,6.715,standard,0.041,6,AA3A21,0.074,2.67,1x betacloth and 3x basalt fabric and 3x aramid III,0.1723,7.75,AA5A06,0.0243,2.67,47,NP,0
Putzar_IJIE_2019,CAST SW2-8,Aluminium,2.79,0.65,0,6.512,standard,0.041,6,AA3A21,0.074,2.67,1x betacloth and 3x basalt fabric and 3x aramid III,0.1723,7.75,AA5A06,0.0243,2.67,47,NP,0
Putzar_IJIE_2019,CAST SW2-9,Aluminium,2.79,0.7,0,6.364,standard,0.041,6,AA3A21,0.074,2.67,1x betacloth and 3x basalt fabric and 3x aramid III,0.1723,7.75,AA5A06,0.0243,2.67,47,P,1
Putzar_IJIE_2019,CAST SW2-10,Aluminium,2.79,0.675,0,6.571,standard,0.041,6,AA3A21,0.074,2.67,1x betacloth and 3x basalt fabric and 3x aramid III,0.1723,7.75,AA5A06,0.0243,2.67,47,P,1
Putzar_IJIE_2019,CAST SW2-11,Aluminium,2.79,0.6,30,6.64,standard,0.041,6,AA3A21,0.074,2.67,1x betacloth and 3x basalt fabric and 3x aramid III,0.1723,7.75,AA5A06,0.0243,2.67,47,NP,0
Putzar_IJIE_2019,CAST SW2-12,Aluminium,2.79,0.65,30,6.645,standard,0.041,6,AA3A21,0.074,2.67,1x betacloth and 3x basalt fabric and 3x aramid III,0.1723,7.75,AA5A06,0.0243,2.67,47,NP,0
Putzar_IJIE_2019,CAST SW2-13,Aluminium,2.79,0.675,30,6.503,standard,0.041,6,AA3A21,0.074,2.67,1x betacloth and 3x basalt fabric and 3x aramid III,0.1723,7.75,AA5A06,0.0243,2.67,47,P,1